Product Name,Price,Rating
Men Baseball Cap,₹500,1.5
Men Baseball Cap with Logo Embroidery,₹245,4.1
Metal Cat Cap,₹400,4.1
Men Embroidered Baseball Cap,₹300,3.7
Men Baseball Cap with Placement Print,₹299,4.1
Men Baseball Cap with Stitched Details,"₹1,799",4.3
Scuderia Ferrari Race Motorsport Baseball Cap,₹950,3.7
Men Colourblock Baseball Cap,₹300,4.2
Men Western Cap,"₹1,999",4.1
Logo Print Baseball Cap,₹245,4.1
Men Western Baseball Cap,"₹1,259",3.6
Men Baseball Cap with Stitched Details,"₹1,799",3.5
Men Logo Placement Print Baseball cap,₹299,3.7
Men Embroidered Cotton Baseball Cap,₹300,3.6
Men Baseball Cap with Stitched Details,"₹1,799",4.1
Men Cotton Bucket Hat,₹319,3.7
Embroidered Baseball Cap,₹499,3.6
Men Baseball Cap with Stitched Details,"₹1,799",3.9
Embroidered Baseball Cap,₹585,3.7
Men Embroidery Cap,₹974,2.7
Men Embroidered Baseball Cap,₹300,4.1
Men Logo Embroidered Trucker Cap,"₹2,999",3
Cotton Colour-Block Cap,"₹1,399",4
Men Baseball Cap with Embroidered Text,₹459,4
Men Solid Baseball Cap with Embroidered Logo,"₹1,499",1.9
Men Logo Print Baseball Cap,₹210,4.3
Recycled Nylon Field Baseball Cap,"₹2,800",3.1
Men Logo Placement Print Baseball Cap,₹245,3.7
Unisex All Star Trucker Hat,"₹1,799",4
Men Embroidery Baseball Cap,₹999,3.9
Men Printed Baseball Cap,₹359,3.9
Men Baseball Cap with Stitch Detail,₹280,4
CP11 Microfiber Blend Cap with Adjustable Back Closure,₹699,3.9
Men Graphic Print Baseball Cap,₹450,4.5
Men Graphic Flat Cap,"₹1,399",4.3
